;latitud;longitud;profundidad;magnitud;err_prof;err_h
0;-33.41;-70.88;81.9;2.5;5.4;1.55
1;-33.787;-71.339;45.8;3.7;1.3;0.5
2;-31.535;-71.318;35.7;3.8;9.8;2.6
3;-32.446;-70.923;95.2;2.7;6.2;2.25
4;-32.986;-71.348;41.8;3.6;1.3;0.85
5;-32.617;-71.645;33;3.3;3.5;2.8
6;-32.747;-71.685;15.2;3.5;9.1;3.75
7;-32.171;-71.756;33.8;0;1.8;1.65
8;-34.069;-72.024;39.6;0;1.8;1.2
9;-33.712;-70.431;102;0;1.8;3.1
10;-32.749;-71.711;22.5;3.8;5.6;1.25
11;-32.765;-71.688;11.2;3.8;9.9;4.1
12;-34.944;-71.492;52.8;3.6;4.8;1.55
13;-33.265;-68.66;7.8;4.3;5.3;2.55
14;-33.87;-70.46;13.3;0;1.1;0.8
15;-33.355;-70.1;121;0;2.1;1.95
16;-32.899;-70.274;99.7;3.3;2.9;1.45
17;-33.094;-70.402;102.6;0;4.7;3.45
18;-32.266;-71.698;11.8;3.5;1.5;0.9
19;-32.476;-70.33;123.8;2.9;2;1.4
20;-33.337;-70.478;87;2.8;1.7;0.95
21;-34.442;-72.122;28.7;3.4;4.3;1.1
22;-32.05;-71.644;27.5;3.7;3.7;4.45
23;-34.062;-70.176;12.9;0;1.1;0.85
24;-32.167;-69.873;147.3;3.7;3.6;2.05
25;-33.638;-70.363;102.2;2.8;1.1;0.8
26;-34.616;-71.139;66.5;2.9;1;1.15
27;-32.57;-71.226;47.7;3.4;1.8;1.35
28;-34.643;-70.74;102.1;3.5;0.9;0.6
29;-34.802;-71.117;86;0;2.5;1.35
30;-33.033;-70.403;101.3;2.9;1.5;1.05
31;-33.177;-70.285;8;3.2;0.8;0.9
32;-33.677;-70.838;72;2.9;1.1;0.45
33;-28.309;-68.806;280.8;4.5;14.8;4.8
34;-34.22;-71.539;45.5;3.4;1.5;1.15
35;-34.863;-71.068;102.1;2.6;2.4;1.3
36;-33.887;-70.562;117.1;2.3;3.4;3.65
37;-31.82;-70.089;144.1;3.3;8.2;2.55
38;-31.438;-69.847;120.8;3.6;7.3;2.25
39;-32.474;-71.369;36.7;3.7;1.1;1
40;-32.238;-71.631;9.6;3.7;14.2;5.85
41;-33.252;-68.87;13.3;3.4;49.9;20.3
42;-31.922;-70.677;99.2;3;4.4;1.9
43;-31.969;-71.342;72.7;4.5;13.1;3.25
44;-32.709;-71.744;31.8;3.2;2.4;1.9
45;-32.279;-71.713;38.2;3.2;2.7;3.1
46;-32.757;-71.715;14.3;3.3;12.9;5.3
47;-33.549;-70.288;100.5;2.9;1;0.7
48;-32.719;-71.796;12.6;3.2;15.9;6.4
49;-32.713;-71.68;13.9;3.5;1.5;1.3
50;-33.279;-71.563;23.7;0;2.5;0.8
51;-33.197;-70.167;109.1;3.8;1.5;0.95
52;-36.737;-72.596;16.8;4;4.2;5.35
53;-34.608;-71.773;33;4.2;1.2;1.1
54;-33.156;-70.303;5.1;3.2;1.5;1.55
55;-34.488;-70.727;106.7;0;3.6;3.05
56;-33.001;-70.259;106.4;2.6;1.2;0.85
57;-31.151;-69.196;200.2;3.3;8.4;4
58;-34.578;-72.521;4.7;3.6;33.9;13.45
59;-30.882;-71.866;9.7;4.7;4.2;2.75
60;-34.089;-71.257;84.6;0;5.4;3
61;-34.083;-70.093;8.9;3.5;0.8;0.7
62;-33.155;-71.23;58.1;2.3;3.3;1.25
63;-32.802;-71.459;33.1;3.8;1;0.65
64;-33.036;-70.562;82.6;2.6;0.8;0.6
65;-32.293;-70.757;90.2;3;1.9;0.95
66;-33.151;-72.215;34.6;3.5;0.9;0.9
67;-33.088;-72.119;8.5;3.5;2;1.5
68;-31.387;-69.633;141;3.2;7.5;2.7
69;-33.074;-70.305;12.3;3.3;4.2;4.9
70;-34.719;-71.036;107.7;0;2.6;1.45
71;-33.342;-71.777;32.9;3.1;2.4;1.05
72;-33.204;-70.235;110.5;4;1.2;0.75
73;-33.173;-70.775;76.7;2.5;1.4;0.8
74;-32.29;-71.782;13.3;3.5;7.3;3.5
75;-35.45;-71.217;139.8;3.1;4.8;2.45
76;-30.783;-70.929;10.3;3.8;5.5;4.4
77;-34.79;-70.182;14.5;0;5.1;2.2
78;-33.055;-70.229;109.9;3.4;1.3;0.8
79;-33.797;-72.097;27.8;4.2;5.4;0.85
80;-33.787;-72.07;10.7;3.6;5.4;2.25
81;-33.768;-72.094;14.4;4;4.2;1.75
82;-33.785;-72.075;15.3;3.5;6.9;2.75
83;-35.362;-71.837;83.7;0;1.3;1.45
84;-33.785;-72.077;11.6;3.6;9.2;3.65
85;-33.168;-68.433;24.3;3.6;3.5;4.35
86;-32.168;-69.615;133.9;3.3;1.9;1
87;-35.147;-71.201;97.2;3.4;3.7;2.05
88;-34.183;-70.481;101.2;0;1.3;0.9
89;-32.142;-71.745;23.9;4.1;2.1;1.25
90;-35.024;-72.193;11.8;4;15.8;6.5
91;-33.004;-69.274;11.9;4.2;17.1;7.05
92;-32.786;-71.775;16.7;4.3;70.1;1.05
93;-31.153;-71.703;21.4;4.9;3.7;2.65
94;-31.44;-71.384;36.1;3.8;11.1;3.15
95;-31.672;-70.579;115.4;3.6;2.2;1.35
96;-33.251;-72.921;29.8;0;1;0.9
97;-34.426;-72.318;30.1;0;1.9;0.85
98;-32.844;-70.301;115;4.2;1.7;1.05
99;-36.107;-72.23;52;0;44.5;2.6
100;-33.922;-70.976;72.4;2.8;1;0.35
101;-33.517;-70.66;64.2;0;1.3;0.65
102;-31.77;-72.021;16.6;4;2;0.95
103;-32.833;-70.958;65.8;2.8;1.1;0.6
104;-30.505;-71.621;42.4;4.3;0.8;0.85
105;-31.844;-69.914;142.6;3.3;2.6;1.4
106;-36.667;-73.606;60.8;3.8;2.7;1.85
107;-32.984;-69.796;129.3;0;1.7;1.3
108;-32.622;-72.16;36.6;0;1.3;1.35
109;-31.697;-70.091;150.1;3.2;5.5;2.65
110;-32.92;-70.753;74.7;0;1.3;0.7
111;-33.477;-72.25;11.9;3.8;6.2;2.6
112;-32.477;-70.239;103.9;2.9;2.1;1.15
113;-31.305;-70.784;98;3.4;8.3;2.35
114;-32.388;-71.291;74.7;3.9;3.2;1.3
115;-32.374;-71.415;33.4;3.6;1.6;1.4
116;-34.218;-71.137;68.2;2.8;1;0.35
117;-34.551;-72.318;13.2;3.9;9.7;3.95
118;-32.35;-72.533;25.8;3.7;1.5;1.55
119;-33.498;-72.204;40.3;4.6;1.5;1.35
120;-35.528;-73.47;7.1;3.9;11.4;7.05
121;-31.884;-69.997;151;3.8;3.2;1.8
122;-31.612;-69.27;191.5;3.8;7;3.8
123;-31.673;-69.316;119.7;3.9;9.6;2.85
124;-32.505;-71.805;41.2;3.8;1.3;1.4
125;-34.08;-70.905;74.9;2.3;1;0.35
126;-33.308;-70.456;87;3.3;1.1;0.65
127;-34.78;-70.907;87.6;2.8;1.4;0.9
128;-31.629;-71.691;25;3.9;3.3;2.15
129;-30.699;-71.833;5;4.7;1.7;1.65
130;-31.543;-69.984;188;4.7;5.6;3.15
131;-33.947;-72.201;31.4;3.6;7.7;1.3
132;-30.666;-71.562;43.5;4.9;1.6;2
133;-30.601;-71.955;32;4;63.1;18.5
134;-31.466;-72.227;20;0;2.1;2.3
135;-32.379;-70.183;112.7;0;2.3;1.3
136;-32.653;-71.701;32.7;3.4;1.5;1.2
137;-33.143;-69.711;3.8;4;1.1;0.85
138;-37.579;-72.235;103;4.1;5.6;3.9
139;-34.867;-70.973;92;2.8;1.8;1.1
140;-32.045;-71.53;27.4;4.5;0.9;0.8
141;-33.258;-71.278;54.9;3.5;2;0.7
142;-31.33;-69.703;179.2;0;4.8;2.75
143;-32.647;-70.725;99.3;2.8;1.7;1.15
144;-31.74;-69.591;142;3.4;5.8;2.45
145;-34.012;-70.727;98.1;0;0.6;0.3
146;-30.507;-70.179;118;3.7;11.6;4.55
147;-30.039;-71.413;24.8;4.2;1.7;2.8
148;-29.228;-69.778;67.4;3.9;43.3;4.95
149;-34.267;-70.673;101.4;3.6;0.7;0.35
150;-35.903;-70.426;210.3;0;4.2;2.95
151;-34.679;-72.283;2.4;0;16.1;6.4
152;-34.164;-70.986;75.4;2.6;1;0.35
153;-30.6;-71.439;39;4.1;22.7;7.55
154;-32.702;-71.762;16.3;3.6;27.1;1.65
155;-31.352;-69.662;193.3;3.7;6;3.4
156;-35.339;-71.574;90.9;0;6.2;2.4
157;-33.895;-70.457;13.3;0;2;1.25
158;-34.019;-70.978;71.9;3.8;2.5;0.75
159;-33.666;-70.722;78.5;2.5;0.7;0.4
160;-31.633;-70.095;144.7;3.2;5.1;2.5
161;-32.356;-69.717;130.6;0;3.9;2.15
162;-34.484;-70.657;99.4;0;0.9;0.55
163;-32.996;-70.399;102.3;0;1.3;0.8
164;-36.017;-71.132;143.8;0;8.8;3.85
165;-33.902;-70.882;75.7;0;1.4;0.5
166;-33.584;-71.967;13.2;4;1;0.75
167;-34.405;-70.627;109.9;3.2;1;0.6
168;-32.746;-71.509;16.7;3.6;15.2;1
169;-31.823;-71.941;18.2;4;2.8;2.05
170;-32.766;-71.511;14.4;3.9;1.2;1.1
171;-32.738;-71.525;16.6;3.3;16.4;0.9
172;-31.527;-69.852;169.1;3.5;4.1;2.35
173;-33.89;-72.1;46.2;3.7;48.7;14.9
174;-32.634;-71.732;5.7;0;3.5;2.2
175;-34.01;-70.981;66.3;0;1.4;0.45
176;-33.081;-70.368;101.2;3.7;1.5;1
177;-34.042;-72.288;36.5;0;4.6;1.5
178;-33.945;-71.718;40.9;0;3.2;1.2
179;-31.148;-71.711;23.4;0;2.3;1.65
180;-33.49;-70.051;7.8;0;1.4;1.15
181;-35.663;-71.261;133.9;0;4.8;1.9
182;-33;-70.2;105.5;0;2.2;1.5
183;-31.747;-69.833;154.2;0;14.4;6.45
184;-33.827;-70.182;112;0;1.4;0.95
185;-32.778;-71.704;15.8;0;7.9;2.25
186;-31.031;-72.362;6.5;4.1;5.7;3.8
187;-32.23;-71.762;28.1;3.9;1.3;1.15
188;-34.287;-70.226;11.6;0;0.7;0.65
189;-33.278;-71.883;20.5;3.7;5.5;0.65
190;-33.424;-68.694;27.8;0;1.2;0.7
191;-34.315;-70.684;98.3;0;0.9;0.55
192;-33.728;-70.207;14.6;0;1.5;1.3
193;-32.715;-71.867;13.9;0;8.5;3.5
194;-31.443;-69.383;212.4;4;4.5;3.25
195;-34.25;-70.516;111.1;0;1.7;1.15
196;-32.789;-70.594;87.6;0;0.9;0.55
197;-32.437;-71.584;46.7;3.8;0.7;0.8
198;-33.477;-72.204;6;3.7;0.9;0.75
199;-34.499;-70.656;107;0;1.2;0.65
200;-39.131;-71.568;127.4;0;9.2;4.95
201;-34.863;-71.194;90.2;2.9;2.4;1.1
202;-29.786;-72.078;6.8;5;2.1;2.4
203;-32.491;-71.821;15.1;3.5;7.4;3
204;-31.767;-71.879;28.3;4.2;1.3;0.95
205;-31.958;-69.787;130.2;3.2;7.6;4.4
206;-32.152;-70.58;123.1;3.8;3.7;1.6
207;-32.357;-70.071;124.1;4.1;2.8;1.8
208;-33.162;-70.325;101.5;2.5;1.3;1.15
209;-32.429;-70.074;118.3;4.1;1.9;1.25
210;-33.913;-70.643;99.7;0;1;0.7
211;-32.222;-71.683;14.6;4.5;12.5;5.5
212;-32.734;-71.744;13;4.5;1.4;1
213;-34.028;-70.126;7.2;4;0.9;0.8
214;-32.712;-71.716;8.6;3.5;6.9;2.9
215;-30.936;-71.413;14.8;4.2;6.7;6.85
216;-32.737;-71.726;18.5;3.5;34.6;1.45
217;-33.251;-68.638;3.9;4.3;12.6;5.1
218;-33.56;-70.542;12.1;0;2.8;0.95
219;-32.668;-71.686;42.8;3.7;1.4;1.75
220;-32.537;-71.774;4.2;3.7;6.8;2.8
221;-33.741;-71.892;18.5;3.6;10.2;1
222;-30.27;-72.205;15;4.4;53.6;29.2
223;-32.303;-69.883;135.9;3.2;1.8;1.3
224;-35.438;-71.611;94.8;3.8;7.2;2
225;-35.783;-71.927;92.1;3.4;7.7;3.75
226;-31.732;-70.285;122.7;3;3.9;2.4
227;-33.645;-70.725;77.6;2.8;0.9;0.4
228;-33.845;-71.84;25.9;3.5;4.8;1.25
229;-31.799;-69.989;149.8;3.5;4;2.75
230;-32.744;-71.708;14.7;3.3;1.9;1.65
231;-31.725;-70.553;105;3.5;3.5;1.7
232;-33.16;-72.005;5.9;3.5;3.4;2
233;-31.33;-70.083;120.3;0;9.8;3.55
234;-33.9;-72.22;14.6;0;32.6;13.3
235;-32.231;-71.905;21.7;3.5;2.3;1.3
236;-31.889;-70.27;129;2.9;2.9;1.9
237;-33.678;-70.986;60.2;3.3;1.5;0.4
238;-33.491;-71.294;55.8;2.3;2.3;0.75
239;-33.22;-70.267;8.5;0;0.5;0.55
240;-31.553;-70.1;153.6;3.4;3.4;2.2
241;-33.836;-71.226;59.4;3.2;1;0.35
242;-32.721;-71.752;15.1;4.2;5.1;2.1
243;-35.611;-71.828;129.7;3.3;8.2;3.4
244;-34.044;-72.048;45.7;3.6;0.8;0.9
245;-37.31;-75.447;10;4.3;75.9;45.15
246;-32.809;-70.18;105;0;0.9;0.55
247;-32.033;-71.526;25.7;4;1;0.7
248;-33.604;-71.382;41.2;0;1.4;0.5
249;-32.598;-71.769;18.8;4.3;12.2;0.7
250;-34.222;-70.574;111.6;0;1.3;1.25
251;-32.451;-70.368;99.8;2.9;1.7;1.3
252;-34.514;-72.074;30;3.8;2.3;1.45
253;-33.235;-72.236;28.5;4.1;6.8;1.2
254;-33.024;-69.598;161.9;2.6;2.3;1.55
255;-32.47;-71.798;15.4;3.6;7.9;3.2
256;-32.488;-71.828;25.7;3.8;1.6;0.75
257;-33.107;-71.268;53.8;4;1.6;0.6
258;-33.655;-70.53;102.1;4;1;0.65
259;-33.866;-70.182;7;3.6;0.9;0.8
260;-34.44;-70.596;109.3;2.9;1.8;1.15
261;-31.958;-70.742;102.3;4.6;2.5;1.55
262;-32.424;-71.622;43.8;4;1;1.05
263;-31.835;-70.725;107.5;3.2;2.8;1.65
264;-34.611;-72.096;18.4;0;43.4;1.4
265;-34.155;-71.201;64.4;3.6;0.8;0.3
266;-32.157;-71.212;43.5;4;1.1;1.25
267;-33.324;-71.15;56.9;3.5;1.4;0.45
268;-32.746;-71.324;52.6;3.3;11;2.45
269;-31.904;-71.563;33.2;3.7;1.7;1.85
270;-31.641;-69.801;164.9;3.2;3.6;2.45
271;-33.153;-69.027;11.4;0;50.3;20.25
272;-33.508;-70.872;72;4.2;2;0.7
273;-31.708;-69.752;161.1;3.7;4.3;2.9
274;-31.647;-69.977;163.5;3.3;4.2;3.6
275;-33.72;-71.268;42.2;0;1.9;0.7
276;-31.664;-69.823;170.1;0;2.5;1.9
277;-32.322;-71.097;78.6;3.3;1.9;1.05
278;-33.938;-70.003;8.1;0;1.5;1.1
279;-30.787;-71.658;51.2;4.6;3.5;1.95
280;-32.892;-71.748;35.1;0;1.6;1.1
281;-31.824;-70.17;136.2;0;3.9;2.8
282;-32.736;-69.256;22.4;0;4.7;1.6
283;-32.724;-69.553;18.2;4.6;3.2;0.95
284;-34.42;-71.253;56.6;3.2;1.7;0.65
285;-32.437;-69.139;185.2;3.7;2.2;1.25
286;-31.716;-70.528;139.8;2.9;3.1;2.2
287;-32.668;-71.803;26.4;4.3;3.5;1.15
288;-31.848;-70.196;140.5;3.2;2.7;1.8
289;-33.933;-68.573;0.3;4.3;9;4.1
290;-34.063;-70.381;11;3.4;0.6;0.75
291;-32.595;-71.83;10.7;3.2;15.1;5.95
292;-34.458;-70.75;97.2;0;0.7;0.4
293;-31.997;-69.925;146.4;4.2;3.2;2.3
294;-31.101;-69.257;151.2;0;15.5;6.5
295;-32.781;-70.608;44.6;0;1;0.95
296;-31.571;-69.573;184.8;4;3.5;2.3
297;-32.034;-68.497;0.5;4;7.3;3.65
298;-32.323;-73.461;13.5;0;7.9;4.55
299;-33.294;-72.73;38.2;0;3.8;3.3
300;-34.086;-70.18;118.2;0;1.6;1.4
301;-31.981;-69.75;143.5;0;3.3;2.15
302;-32.226;-71.843;25.2;0;2.2;1.45
303;-31.935;-71.635;25.1;4;2.9;3.25
304;-32.01;-71.599;9.9;0;7.4;3.7
305;-32.086;-71.761;10;0;14.3;5.7
306;-33.731;-72.189;22.6;0;9.9;0.85
307;-32.158;-71.84;19;0;3.8;2
308;-33.282;-70.748;73.6;0;1.3;0.5
309;-32.294;-71.882;20.8;3.5;1.2;0.7
310;-34.945;-71.291;68.7;0;2.7;1.25
311;-34.959;-72.052;32.7;0;1.4;1.5
312;-35.309;-70.74;0.8;0;3.4;3.5
313;-32.181;-69.851;153.3;0;3.7;2.75
314;-34.22;-70.31;119;0;1.6;1.3
315;-32.628;-70.825;72.4;0;2;1.05
316;-31.936;-69.593;156.7;3.3;3.6;2.3
317;-32.485;-71.808;31.5;4.1;1.1;0.75
318;-32.278;-69.421;166.4;2.9;4.2;2.75
319;-33.981;-71.206;62.7;2.9;1.2;0.45
320;-33.03;-70.045;112;0;2.6;2.15
321;-34.547;-71.107;42;3.5;0.6;0.45
322;-33.303;-72.04;15.3;4.7;2.1;1
323;-33.315;-71.913;9.5;3.8;2.3;1.3
324;-33.349;-71.878;4.2;3.5;5.7;2.9
325;-33.307;-71.97;22.5;4.2;4.6;0.65
326;-33.308;-71.968;13.1;3.6;0.8;0.6
327;-33.316;-71.964;15.3;3.5;4.5;1.9
328;-33.311;-71.961;12.9;0;1.5;1.25
329;-33.326;-71.992;14.9;0;5;2.05
330;-33.316;-71.973;15.2;0;3.6;1.45
331;-33.321;-71.972;16.3;0;4.3;0.75
332;-32.889;-70.4;110;3.8;1.1;0.95
333;-32.576;-71.543;14.8;3.7;4.1;1.6
334;-33.895;-70.584;99.7;2.6;0.9;0.55
335;-32.764;-71.868;25.5;4.4;1.9;0.9
336;-32.68;-71.885;13.8;5;11.7;4.85
337;-32.762;-71.828;26.3;4.2;2.2;1.2
338;-32.684;-71.756;25.2;3.8;2.1;0.65
339;-32.707;-71.791;14.4;3.9;6.3;2.65
340;-32.51;-71.743;17.9;3.5;3;1.75
341;-32.635;-71.794;15;3.8;6.3;2.6
342;-32.763;-71.794;13.6;3.4;1.6;1.65
343;-32.696;-71.752;9.1;3.9;1.9;1.55
344;-32.742;-71.838;11.8;3.8;1.6;1.7
345;-32.646;-71.751;8.2;3.5;2.7;2.3
346;-32.683;-71.77;7.2;3.5;3.2;2.5
347;-32.643;-71.878;14.2;4.2;5.5;2.3
348;-32.649;-71.875;23.7;4.2;5.2;0.8
349;-32.141;-71.835;10.9;3.6;7.9;3.65
350;-32.788;-70.107;111.5;2.5;1.6;1.15
351;-33.139;-69.012;14.9;3.4;32.1;13.05
352;-34.134;-70.067;6.5;3.4;1.7;1.35
353;-32.629;-71.809;13.4;3.6;7.7;3.2
354;-33.057;-70.262;96.9;2.5;1.3;0.9
355;-33.882;-70.591;90.6;2.5;1.5;1
356;-32.392;-71.469;31.9;3.8;1.9;1.3
357;-31.039;-71.822;19.5;3.8;3.1;3.65
358;-33.502;-72.315;15.2;3.8;4.2;1.75
359;-32.091;-71.589;19.4;3.6;2.4;1.45
360;-32.65;-71.775;13.5;3.1;7.1;3
361;-33.289;-70.918;63.5;0;2.5;1.35
362;-31.241;-69.36;168.7;3.5;13.4;7.5
363;-32.244;-69.955;144.1;3.2;2.1;1.7
364;-31.588;-70.119;137.4;3.2;3.8;2.75
365;-32.798;-71.806;11.7;3.9;0.8;0.75
366;-27.971;-67.746;302.6;4.4;25.7;14.75
367;-32.744;-71.845;14.6;4.2;5.3;2.2
368;-32.404;-69.918;111.2;3.5;1.9;1.15
369;-31.557;-69.312;169.6;3.7;4.8;2.5
370;-32.65;-69.246;20.2;3.7;6.1;2.05
371;-32.481;-71.696;33.8;3.8;1.4;1.15
372;-33.303;-72.356;34.7;4;1.2;0.9
373;-34.317;-72.751;34.4;0;1;0.9
374;-32.765;-71.766;11.8;3.8;1.4;1
375;-31.427;-69.943;147.8;3.5;9.4;6.9
376;-40.564;-71.571;119.1;4.4;10.4;3.9
377;-34.098;-70.902;78.6;2.1;0.8;0.3
378;-34.849;-71.179;10.8;3.5;1;0.95
379;-32.314;-71.84;27.4;3.8;1.9;1.65
380;-33.515;-71.057;58.4;2.3;2.1;0.55
381;-34.67;-70.756;103.4;2.6;0.9;0.5
382;-32.994;-69.74;138.1;2.8;1.9;1.25
383;-31.923;-71.303;45.5;3.5;2;1.35
384;-35.351;-71.457;83.6;3.2;5;2.7
385;-31.842;-69.117;204.8;3.8;4.3;2.9
386;-31.788;-70.457;132.8;4.4;2.1;1.1
387;-32.919;-69.131;3.5;3.5;11.2;4.7
388;-31.018;-68.126;169.1;4.3;14;4.4
389;-31.187;-71.606;28.3;4.2;1.4;1.4
390;-33.576;-70.266;110.7;3.1;1.1;0.75
391;-33.939;-71.49;46.8;3.7;1.5;1.55
392;-32.483;-69.953;133;2.9;1.9;1.5
393;-32.332;-70.612;94;4.3;2.3;1.35
394;-33.405;-70.612;81.9;2.6;0.9;0.45
395;-34.777;-70.434;132.6;2.9;1.5;0.85
396;-31.446;-69.458;207;3.8;6.5;4.9
397;-32.417;-71.421;40;4.5;1.4;1.2
398;-31.32;-70.054;187.7;3.7;7.9;8.05
399;-31.726;-70.594;118.2;0;4.4;2.7
400;-32.653;-70.917;67.8;0;0.9;0.45
401;-35.158;-71.082;74.5;0;8.9;2.05
402;-35.173;-71.214;87.1;3.2;8.7;2.65
403;-31.735;-70.173;138.7;2.9;2.8;2.1
404;-32.951;-71.707;35.3;3;4;1.25
405;-31.255;-71.579;29.7;3.5;1.7;2.05
406;-32.17;-70.278;113.6;2.3;5;3.55
407;-31.462;-69.844;166.4;4.2;3.4;2.25
408;-34.043;-70.108;15.3;0;5.2;2.2
409;-34.003;-72.129;21.7;0;15.7;1.25
410;-34.005;-71.502;38.2;0;1.3;0.6
411;-32.82;-71.468;34.7;3.4;2.3;0.85
412;-31.971;-71.589;41.2;3.4;0.9;0.8
413;-32.694;-70.207;119.7;3.6;2.6;1.9
414;-34.268;-72.125;23.5;3.6;2.7;1.55
415;-34.934;-71.186;108.2;0;5.6;2.4
416;-34.493;-70.795;93.1;2.7;2.5;1.2
417;-32.063;-70.03;129.6;3.5;3.9;3.05
418;-33.703;-70.538;91.7;2.2;1.7;1
419;-34.003;-70.711;94.2;2.3;1.6;1.1
420;-32.066;-71.679;38.5;3.8;1.7;1.65
421;-31.574;-69.746;214.3;3.9;5.8;4.9
422;-33;-72.164;14.2;3.3;5.4;2.25
423;-33.045;-72.156;14.5;3.8;8.7;3.6
424;-35.205;-71.656;34.6;3.5;1.6;1.75
425;-33.313;-72.469;31.9;3.5;2.9;1.55
426;-31.132;-72.226;17.1;4.2;2.8;2.7
427;-32.788;-70.166;113.6;0;36.5;13.2
428;-32.538;-72.098;31.3;3.7;2.5;1.25
429;-33.021;-72.126;15;3.5;6.8;2.8
430;-33.452;-70.177;103;2.3;2;1.55
431;-33.556;-70.073;7.5;3.1;1.2;1.2
432;-32.75;-70.808;72.3;2.5;1.9;1
433;-33.465;-70.108;10.1;3.4;0.7;0.7
434;-32.041;-69.79;145.4;3.4;3.1;2.1
435;-33.25;-70.805;75.2;2.3;2.1;0.85
436;-31.737;-71.071;106.8;3.5;4.2;1.65
437;-31.231;-70.184;102;3.2;7.1;2.3
438;-30.268;-71.525;35.6;3.8;4.5;3.65
439;-32.137;-71.075;83.7;3;2.2;1.05
440;-34.003;-70.375;9.8;0;1.3;1.35
441;-29.205;-68.926;339.2;4.2;7.6;7.9
442;-33.528;-70.61;86.4;0;1.3;0.65
443;-33.478;-70.423;95.5;2.9;0.7;0.4
444;-31.924;-71.468;38.1;0;2;2.65
445;-33.103;-71.275;40.9;3.3;1.1;0.6
446;-32.391;-71.772;11.7;4.1;8.5;3.55
447;-32.483;-71.638;0.2;3.7;2.5;1.8
448;-32.411;-71.733;14.5;3.8;10.6;4.2
449;-32.202;-71.645;35.8;4.1;1.7;1.6
450;-33.824;-70.122;6.1;0;1.4;1.15
451;-32.4;-71.546;45.2;4.2;1.2;1.2
452;-33.792;-70.138;123.4;2.5;1.1;0.7
453;-33.689;-70.478;105.3;0;1.4;0.8
454;-33.901;-70.797;80.7;3.1;1;0.45
455;-34.363;-70.246;8.2;3;1.4;1.1
456;-32.008;-71.332;26.1;3.5;2.7;2.2
457;-31.86;-70.263;124.9;2.8;2.7;2.35
458;-34.068;-70.383;9.7;3.9;0.7;0.85
459;-33.652;-70.403;105.2;2.9;1.1;0.7
460;-31.963;-71.288;71.1;4;3.2;1.1
461;-36.331;-72.14;69.1;4;2.3;1.1
462;-33.799;-71.412;45.8;3.1;1.4;0.85
463;-33.807;-71.412;47.2;2.9;0.9;0.95
464;-33.802;-71.412;45.5;0;2.2;1.55
465;-33.783;-71.412;42.3;3.6;1.5;0.6
466;-33.813;-71.4;45.7;2.9;1.7;1.2
467;-33.807;-71.407;45.5;2.9;1.1;0.75
468;-33.811;-71.412;46;2.8;1.6;1.15
469;-33.806;-71.402;46.8;3.1;1.4;1.05
470;-33.796;-71.4;46.8;3.6;1;1.05
471;-33.825;-71.406;47;3.1;0.6;0.65
472;-33.822;-71.414;45.1;2.9;0.7;0.45
473;-36.219;-74.686;20.5;0;3.4;1.85
474;-31.786;-71.583;36.1;0;0.7;0.9
475;-36.361;-72.082;69.3;3.2;2;1.1
476;-33.369;-72.787;32.5;3.8;1.7;1.45
477;-32.248;-71.549;5.3;3.6;13.6;5.5
478;-33.182;-70.226;100.9;0;1.8;1.15
479;-31.572;-71.431;29.8;4;2.1;2.85
480;-33.996;-70.307;105.5;2.5;1.8;1.1
481;-33.354;-71.68;25.7;3.4;2.2;0.7
482;-32.878;-70.326;99.7;2.3;1;0.65
483;-34.338;-70.616;104.3;0;1.1;0.55
484;-32.052;-71.017;78.3;3.3;2.7;1.25
485;-32.069;-70.759;107.1;3.3;2.3;1.75
486;-35.604;-70.504;193;3.5;3.7;2.95
487;-33.748;-70.397;105.7;3.3;1;0.6
488;-35.21;-71.569;54.5;4;0.9;0.8
489;-31.71;-69.713;161.4;3.7;9.9;6
490;-32.887;-70.259;109.7;2.5;0.8;0.55
491;-34.512;-70.714;100.4;0;0.9;0.8
492;-34.774;-71.628;35.9;0;2.2;1.45
493;-30.798;-71.619;46.6;4.2;12;6
494;-27.64;-70.789;58.8;4.7;28.8;15
495;-33.429;-70.477;93.2;2.6;0.9;0.45
496;-31.407;-71.98;47.1;4.2;6.1;2.75
497;-31.895;-70.285;125.9;3;3;2.15
498;-31.704;-69.938;135.8;3.2;3.2;1.75
499;-33.01;-68.992;15;0;8.9;4.5
500;-31.996;-70.447;115.9;2.6;6.9;6.45
501;-33.77;-70.861;72.4;2.5;1.7;0.65
502;-34.042;-68.52;16.8;3.4;7.7;2.1
503;-33.197;-70.215;107.8;4.1;2.3;1.6
504;-31.787;-72.011;23.3;4.4;1.6;1.3
505;-35.223;-70.467;169.4;3.6;2;1.45
506;-35.951;-71.173;120;3;8.4;3.1
507;-31.694;-71.897;32.1;4.2;1.4;1.45
508;-33.518;-70.852;73.1;2.6;1.8;0.7
509;-31.714;-71.926;33.6;4;2.1;2.45
510;-31.211;-69.296;218.3;3.5;6.8;4.35
511;-31.836;-71.948;29.7;3.9;2.1;1.9
512;-32.754;-71.695;19;4.1;6.3;0.8
513;-32.457;-69.957;130.6;3.3;2.1;1.45
514;-31.916;-71.139;65.5;3.1;5.2;0.95
515;-33.022;-70.292;107;2.7;2.9;1.8
516;-33.188;-70.441;94.5;2.6;1.1;0.7
517;-31.415;-69.878;160.5;4.2;4.3;2.6
518;-37.286;-72.421;74.4;3.6;3.1;1
519;-31.104;-71.451;39.4;4.3;0.5;1
520;-31.843;-70.416;114.8;4;4.6;2.2
521;-31.06;-71.331;50.6;4.6;3.3;2
522;-31.471;-71.736;20;0;2.5;2.3
523;-31.799;-71.912;28.1;4;2.7;2.25
524;-33.889;-71.174;55;0;2.3;0.95
525;-30.819;-71.173;47.5;4;1.6;1.4
526;-34.227;-70.962;77.5;0;2.6;1
527;-37.684;-71.701;94.8;3.7;13.9;4.85
528;-34.36;-70.207;7.2;3.9;0.8;0.6
529;-33.964;-72.263;23.4;3.8;10.1;0.85
530;-34.397;-73.269;23.3;3.7;0.7;0.65
531;-32.494;-70.222;104.7;4.6;4.7;2.55
532;-32.02;-70.594;117.8;3.3;2.9;1.9
533;-34.65;-71.087;88.6;3.3;1.2;0.7
534;-32.042;-71.178;71.5;3.4;4.7;2.25
535;-35.06;-69.93;23.9;3.8;1.7;1.35
536;-32.296;-71.544;40.9;3.7;1.1;1.25
537;-31.087;-71.749;36.3;4.2;34.3;9.9
538;-30.408;-71.44;35.5;4.5;1.9;1.45
539;-32.676;-70.099;116.2;3.8;1.6;1.05
540;-32.597;-71.874;20.8;4;2;0.7
541;-35.372;-71.178;116.3;3;2.3;2.05
542;-34.071;-70.098;6.6;3.7;0.9;0.75
543;-33.392;-70.416;96.1;2.8;0.7;0.4
544;-34.865;-71.042;97.3;2.3;1.6;1.4
545;-33.402;-68.598;11.9;4.3;3.5;1.55
546;-34.662;-71.914;11.8;0;14.3;5.95
547;-31.734;-71.842;23.6;4.3;1.4;0.9
548;-32.174;-69.927;138;3.8;2.2;1.35
549;-34.616;-70.759;98.6;2.9;0.8;0.5
550;-34.845;-71.041;97.3;0;2.9;1.85
551;-31.652;-69.785;182.7;0;3.8;3.1
552;-33.028;-72.018;8.3;3.4;1.2;1.25
553;-34.275;-70.017;3.5;3.3;1.3;1
554;-35.549;-71.352;100.8;0;6.1;2.3
555;-35.545;-71.393;80.5;0;5.4;1.6
556;-32.353;-71.543;29.7;3.9;1.3;0.9
557;-33.262;-70.625;90.3;2.2;1.2;0.6
558;-34.205;-70.562;111.6;0;1.9;0.85
559;-34.14;-70.677;93.2;2.1;0.9;0.45
560;-31.292;-69.292;201.2;3.7;5.3;3.65
561;-34.657;-72.387;25.6;3.9;2.4;1.45
562;-34.034;-70.327;2.2;0;33.3;1.6
563;-33.903;-70.705;81.5;3.3;0.7;0.35
564;-34.244;-72.259;38.9;4;1.1;0.65
565;-34.609;-70.681;112.7;2.9;1.6;0.95
566;-32.99;-70.439;96.2;3.1;0.7;0.45
567;-34.539;-70.964;90.7;4.1;1.3;0.7
568;-29.217;-70.998;33.4;4.6;2.7;3.3
569;-32.367;-71.56;39;3.6;4.2;1.8
570;-33.561;-71.609;38.5;3.8;1.6;0.6
571;-31.455;-71.374;49.1;4;27.4;1.6
572;-35.458;-71.449;44.3;3.8;3.7;3.3
573;-33.023;-72.043;10.5;3.5;10.7;4.15
574;-33.023;-72.005;14.9;3.5;7.7;3.8
575;-34.401;-71.174;150;2.5;5.9;5.5
576;-31.892;-68.867;173.7;3.6;9.6;3.75
577;-29.757;-71.251;36.5;4.3;1;1
578;-31.611;-69.703;192.3;3.9;5;3.65
579;-32.222;-69.953;142.5;2.7;3.4;2.35
580;-32.338;-70.533;101.4;2.6;3.6;2.3
581;-33.039;-70.149;106.3;2.5;1.8;1.4
582;-32.625;-71.641;7.2;3.7;6.9;2.75
583;-32.775;-71.729;15.9;3.4;43.4;0.9
584;-33.481;-70.824;71.2;3.6;1.6;0.65
585;-33.676;-72.478;4.6;4.5;3.2;1
586;-31.973;-70.69;115.6;3.8;3.7;2.95
587;-32.861;-68.547;20;3.9;5.9;1.15
588;-35.055;-70.559;15.3;3.9;12;4.85
589;-34.483;-70.777;101;3.4;0.7;0.6
590;-30.422;-72.018;25.4;4.6;78.3;22.85
591;-33.019;-70.399;5.4;3.1;2;1.2
592;-33.446;-69.96;7.2;3.8;1.2;1
593;-34.443;-70.468;124.5;2.9;1;0.6
594;-34.741;-71.767;40;4.4;1.2;1.1
595;-31.258;-69.429;148.4;3.9;8.6;4.2
596;-31.343;-69.468;225.4;3.6;3.9;3.15
597;-33.733;-71.227;57.7;0;1;0.35
598;-31.802;-70.246;121.6;3.9;3.8;1.85
599;-32.697;-71.842;6.8;3.9;1.9;1.3
600;-33.612;-70.38;100.1;3.5;1.1;0.7
601;-32.292;-71.603;7;3.6;17.9;6.9
602;-32.171;-69.773;144.2;3.1;3.3;2.6
603;-32.531;-71.684;14.7;3.7;7.4;3.2
604;-32.23;-69.909;139.2;2.7;2.5;1.75
605;-34.032;-70.773;99.1;0;1.2;0.6
606;-34.478;-70.476;126;0;1.7;1.1
607;-32.542;-71.479;14.8;3.5;8;3.1
608;-33.918;-70.391;115.2;6;2.9;2.15
609;-33.941;-70.397;108.3;2.6;1.9;1.5
610;-33.494;-72.063;47.5;3.9;1.3;1.25
611;-33.912;-70.361;109;2.6;1.7;1.4
612;-33.884;-70.33;111.1;2.2;2.1;2.25
613;-33.939;-70.425;109.4;3.3;0.9;0.7
614;-33.887;-70.434;111;2.5;1.7;1.25
615;-33.9;-70.405;110.3;2.5;1.4;1.15
616;-33.896;-70.351;109.7;3.1;1.4;1
617;-33.897;-70.441;109.2;2.8;1.6;1.05
618;-33.451;-70.851;70.7;2.1;2.3;0.9
619;-32.917;-70.244;111.4;2.5;1.4;0.9
620;-33.892;-70.409;112.9;2.3;1.7;1.25
621;-32.971;-70.547;88.9;3;0.9;0.45
622;-33.883;-70.408;109.3;3.3;1.2;0.8
623;-33.013;-70.278;98;2.3;1;0.7
624;-33.935;-70.427;113;2.5;1.8;1.3
625;-33.014;-70.85;76.3;2.8;1.3;0.55
626;-32.173;-69.06;0.2;4.1;4.1;2.5
627;-32.926;-70.422;92.6;2.5;2.8;1.85
628;-32.767;-71.753;14.3;4;1.3;1.05
629;-29.228;-68.549;217.8;4.8;22.3;10
630;-35.42;-71.636;89.3;3;2.5;1.9
631;-33.899;-70.249;110.3;2.8;2.2;1.7
632;-29.273;-71.718;22.2;4.3;2.4;1.75
633;-33.415;-70.183;110;2.5;1.7;1.45
634;-39.396;-72.163;88.2;4.1;13.9;5.75
635;-33.896;-70.346;111.1;2.5;2;1.25
636;-32.692;-70.829;85.4;2.5;1.7;1.05
637;-32.611;-71.747;14.9;3.8;5.4;2.2
638;-34.336;-70.654;108.7;2.5;1.6;0.95
639;-34.148;-70.462;104.5;2.2;1.8;1.05
640;-32.564;-71.743;15;3.8;4.7;1.9
641;-32.919;-70.186;112.9;3.8;2;1.4
642;-33.089;-72.077;6.2;3.6;1.6;1.1
643;-33.606;-70.415;95.4;3;1.2;0.8
644;-32.59;-71.964;23.4;3.6;22.9;1.35
645;-35.336;-72.624;23.8;3.7;3.7;1.35
646;-33.778;-72.013;30.4;3.5;4.8;1.35
647;-33.326;-71.247;48.9;3.8;3.7;0.7
648;-33.102;-70.685;28.9;3.8;1.2;3.15
649;-32.774;-71.561;47.6;3.5;0.4;0.5
650;-32.197;-71.87;13.8;4.1;11.6;4.75
651;-32.227;-71.79;11.9;4;14.1;5.7
652;-32.188;-71.808;14.8;3.9;15.2;6.1
653;-31.901;-71.673;31.2;0;1.5;1.35
654;-32.25;-71.739;6.6;0;14.4;5.7
655;-34.233;-70.904;84;0;1.9;1.2
656;-33.148;-70.319;103.6;0;2.7;2.8
657;-29.699;-69.817;10.1;0;2.7;1.25
658;-35.131;-70.314;14.1;4.2;4.8;2.5
659;-33.254;-72.241;14.6;3.3;9;3.75
660;-32.426;-70.356;116.3;0;3.1;2.55
661;-32.107;-71.971;21.6;4.7;2.4;0.95
662;-32.436;-71.444;46.1;3.3;1;0.75
663;-35.252;-72.736;14.3;3.8;3.9;1.75
664;-35.375;-72.633;14.6;4.2;2.3;1.4
665;-32.517;-71.755;11.2;4.6;2.5;1.5
666;-35.425;-70.716;11.6;3.7;5.7;2.85
667;-32.528;-71.571;15;3.9;4.6;1.85
668;-30.232;-71.53;51;4.3;4.2;1.05
669;-32.004;-71.552;40.3;4;1.1;1.1
670;-32.174;-72.081;36.1;4;1.4;1.25
671;-31.726;-70.413;123.9;3.5;4.1;2.55
672;-32.108;-71.97;28.9;4.1;4.1;2.95
673;-32.632;-71.274;93.8;3;3.3;1.9
674;-33.703;-70.248;121.7;2.6;1.2;1
675;-34.304;-70.193;6.9;4;1;0.9
676;-34.28;-70.209;5;4.3;1.6;1.35
677;-33.414;-71.324;45.3;4.2;1.4;0.6
678;-32.323;-72.174;15.3;4.3;35.3;14.1
679;-34.15;-70.551;100.3;2.8;2.3;1.45
680;-33.492;-71.34;42.5;3.1;2.4;0.75
681;-32.166;-72.099;21.6;3.9;1.6;0.85
682;-34.246;-70.266;2.9;3.7;1.2;0.85
683;-34.342;-70.193;14.7;3.7;2.6;1.05
684;-31.87;-72.312;27;4;2.4;1.25
685;-33.461;-71.868;2.2;3.7;1.7;1.2
686;-32.773;-70.88;69.5;3;0.8;0.2
687;-31.933;-70.249;151.7;3.9;5.6;3.4
688;-33.911;-70.399;112;2.9;1.5;1.05
689;-30.804;-71.736;24.5;4.8;2.9;1.35
690;-30.795;-71.724;24.9;4.3;4.1;1.35
691;-30.638;-71.391;55.3;4;5.5;5.6
692;-28.059;-68.067;368.7;4.9;10.9;8
693;-32.957;-70.442;100.3;2.8;2.6;2.3
694;-34.453;-70.429;114.5;0;2.3;1.3
695;-32.23;-71.274;47.3;0;5.1;1.3
696;-31.466;-69.264;39.4;0;4.1;1.65
697;-29.277;-71.507;63.7;4.7;21;4.85
698;-34.032;-72.119;50.2;4.4;9.3;2
699;-30.776;-71.851;24.1;4.8;7.9;2.65
700;-31.447;-70.778;124.4;4.2;3.1;2.2
701;-34.245;-71.902;48.3;4.9;12.7;1.45
702;-33.701;-70.416;11;3.8;0.8;0.8
703;-32.291;-72.757;41.8;3.8;12.4;4.65
704;-32.693;-71.541;27.6;3.5;17.4;1.45
705;-33.796;-70.5;88.9;3.5;1.3;0.8
706;-32.011;-70.582;129.2;3.9;4.2;3.05
707;-32.834;-71.805;10.2;3.7;1;1.25
708;-33.53;-71.946;45.2;4.1;0.8;0.85
709;-30.992;-71.886;17.9;4.1;5.3;1.5
710;-30.911;-71.876;39;4.2;9.6;2.65
711;-33;-72.316;4.8;3.6;2.8;4.2
712;-32.613;-71.487;51.7;3.6;4.4;2
713;-33.104;-70.442;116.7;2.7;2;1.75
714;-32.674;-71.868;28.7;3.6;1.8;1.1
715;-31.076;-71.774;16.5;4.3;4.2;3.75
716;-30.501;-71.559;65.4;4;3.7;0.85
717;-32.208;-71.781;26.7;3.8;2.2;1.65
718;-31.082;-71.998;31.9;4.8;9.2;2.5
719;-31.918;-71.503;37.8;4.3;2.9;2.3
720;-27.89;-67.925;362.6;4.2;16.6;9.85
721;-33.341;-70.567;98.3;2.2;1;0.95
722;-33.866;-70.69;79.8;2.9;1.7;1.05
723;-29.256;-67.79;289.2;4.1;8.2;3.7
724;-32.644;-71.858;27;4;2.4;0.85
725;-31.979;-71.326;80.8;3.2;4.4;1.2
726;-32.768;-69.003;207.2;3.5;5.5;3.05
727;-37.257;-74.213;29.5;4.8;2.6;1.4
728;-33.891;-70.709;88.3;0;1.2;0.65
729;-32.705;-70.069;122.4;3.6;1.4;0.95
730;-31.577;-71.983;28;4.1;3.8;2.35
731;-34.565;-70.563;125.3;0;1.9;1.3
732;-32.694;-73.046;18.5;0;2.9;2.45
733;-34.948;-70.829;116.1;3.8;1;0.75
734;-33.461;-70.94;69.1;0;1.2;0.6
735;-30.4;-71.358;51.8;0;1.9;0.7
736;-34.468;-70.414;3.5;0;1.6;1.4
737;-31.633;-67.637;263;0;14.2;5.1
738;-34.208;-70.696;106.6;0;1.3;0.7
739;-28.884;-68.64;201.3;4.1;18;8.3
740;-32.915;-71.362;48.7;3.3;1.7;0.7
741;-31.885;-70.994;93.2;3.9;1.9;0.8
742;-32.48;-71.839;31.2;3.6;1.9;1.25
743;-32.059;-71.19;42.9;3.3;1;1.15
744;-29.881;-71.76;51.5;4.1;3.4;1.4
745;-31.863;-69.057;238.3;3.9;5;3.35
746;-37.223;-74.388;4.1;0;6.3;2.1
747;-31.923;-71.36;39;3.5;1.3;1.4
748;-32.449;-71.882;10.8;3.7;8.3;3.45
749;-33.473;-70.534;97.5;3.2;0.9;0.6
750;-34.341;-70.363;123.8;2.8;1.7;1.05
751;-34.128;-68.48;47.5;4.7;34.8;10.2
752;-32.708;-70.294;98.5;3.3;2;2.1
753;-30.327;-71.51;45.3;4;1.7;1.6
754;-32.064;-71.188;47;3.4;1.7;1.8
755;-35.055;-71.173;99.7;4;1.5;1.2
756;-33.989;-70.184;6.9;0;1;0.85
757;-34.566;-71.713;44.4;3.8;1.5;1
758;-32.743;-70.815;74.7;3.9;0.9;0.55
759;-31.64;-67.831;230.3;4.4;16;5.75
760;-34.742;-72.125;51.2;4;12.7;1.3
761;-31.289;-70.474;144;3.6;4.5;2.75
762;-33.203;-70.361;102.2;2.7;0.8;0.55
763;-36.744;-71.883;92.5;3.6;4.1;1.35
764;-33.088;-70.306;117.6;3.5;1.1;0.65
765;-32.751;-70.606;47.1;3.6;0.7;0.9
766;-35.691;-71.438;85;2.9;1.8;1.5
767;-30.637;-71.933;17.5;4.5;9;2.25
768;-31.028;-69.33;228.9;3.9;10.5;8.1
769;-32.653;-71.66;6.9;4;2.4;1.1
770;-30.047;-71.556;44.2;4.3;10.4;6.25
771;-32.237;-69.831;147.7;2.9;2.4;1.65
772;-36.326;-70.91;195;2.5;5;4.2
773;-34.48;-70.631;117.2;3.2;0.7;0.7
774;-34.397;-71.301;65.4;0;2.3;0.9
775;-31.84;-69.929;148.4;3;4.3;3.3
776;-34.496;-71.89;37;3.7;2.3;1.35
777;-31.366;-69.887;171;3.6;2.9;1.95
778;-32.693;-71.821;8.8;4.3;1.6;1.05
779;-32.815;-69.191;199.5;3.9;2.9;1.9
780;-28.054;-67.474;240;4.1;37.6;13.55
781;-35.162;-72.158;57.9;3.6;5.7;1.7
782;-36.34;-72.604;47.6;4;10.4;4.95
783;-35.297;-71.065;108.1;3.6;2.3;1.95
784;-33.581;-70.966;65.9;2.2;2.6;0.75
785;-34.231;-71.847;37;0;4.2;1.25
786;-32.459;-71.517;15.6;3.4;10.2;1.8
787;-33.908;-70.339;116.6;0;2;1.5
788;-32.725;-69.25;170.8;0;3.9;2.3
789;-32.031;-71.491;47.6;3.8;3.1;1.1
790;-33.455;-70.707;90.4;3.3;1.6;0.85
791;-31.934;-70.334;129;3.7;2.1;1.2
792;-32.554;-70.893;72.7;3.2;1.6;0.9
793;-31.648;-72.124;19.4;4.3;1.2;0.7
794;-28.494;-71.408;23.7;4.4;1.8;0.65
795;-30.634;-71.853;47.3;4.6;3.5;1.3
796;-31.815;-69.878;137.3;3.1;4.5;2.9
797;-32.481;-71.905;23.7;4;1.5;0.55
798;-31.603;-70.174;154.5;3.9;2;1.4
799;-30.214;-72.634;33.4;4.6;2.4;1.3
800;-33.405;-70.388;104.2;2.8;2.5;1.8
801;-32.712;-71.759;9.9;3.7;1.5;1.2
802;-32.715;-71.739;8.2;3.8;1.3;0.65
803;-35.859;-70.277;195.3;0;2.9;2.2
804;-33.917;-70.264;115.3;4.3;1;0.7
805;-34.309;-68.848;4;4.5;15.8;6.45
806;-34.885;-71.605;69.4;0;13.5;12.8
807;-32.073;-70.257;113.6;3.6;2.6;1.95
808;-33.042;-71.817;38.1;3.1;2.7;1.5
809;-32.45;-71.038;80.9;3.9;2.3;0.8
810;-32.13;-71.143;70.8;2.6;3.2;1.45
811;-34.734;-70.803;109.1;3;1.1;0.7
812;-30.736;-71.304;87.2;3.9;6.1;2.2
813;-31.659;-69.539;12.8;4.5;3.6;2.45
814;-31.684;-69.601;1.5;4.3;7.5;3.85
815;-31.673;-69.539;4;0;3.8;2.35
816;-37.064;-72.082;164.4;3.9;3.3;4.6
817;-34.017;-71.265;58.4;3.6;0.9;0.4
818;-32.357;-71.862;6.3;4.2;8.3;3.45
819;-30.932;-71.392;43.6;4;12;3.7
820;-34.549;-71.072;91.6;3.5;0.7;0.45
821;-33.382;-70.398;101.3;2.3;2.7;1.45
822;-30.533;-72.294;24.9;4.5;40.2;12.35
823;-33.715;-69.905;1.6;3.7;1.1;0.8
824;-31.561;-69.566;213.5;4.4;4.5;3.3
825;-31.146;-71.885;32;4;3.1;0.8
826;-31.541;-71.394;20.2;3.8;3;1.65
827;-32.603;-71.683;4.9;3.8;1.2;0.55
828;-33.132;-70.009;114;3;1.1;0.65
829;-32.253;-70.404;5.6;3.6;1.6;1.4
830;-34.445;-70.687;97.5;3.3;1.4;0.9
831;-32.78;-70.285;111.3;2.5;1.9;1.75
832;-33.777;-70.606;81.3;3.4;1.2;0.7
833;-34.581;-70.947;85.2;3.3;0.7;0.55
834;-32.702;-71.77;22;4.1;3.6;0.55
835;-31.923;-71.812;6.6;4;2;1.15
836;-32.399;-71.728;40.1;3.9;1.1;1.1
837;-34.692;-71.95;12;3.8;1.3;0.6
838;-32.347;-71.601;40.9;4;1;1
839;-33.896;-70.36;118.6;3.4;1.2;0.8
840;-34.799;-72.577;19;4;2.8;0.6
841;-34.319;-70.872;92.3;2.9;1.1;0.8
842;-30.519;-71.493;57.1;3.9;11.9;2.05
843;-33.182;-70.173;109;3.7;3.7;3.55
844;-32.555;-71.838;56.3;3.7;36.3;21.5
845;-34.339;-70.335;112.1;3.6;4.4;6.2
846;-32.311;-71.327;115;4.2;41.4;32.05
847;-32.342;-71.813;16.2;4;14.5;4.85
848;-32.736;-71.093;51.3;3.7;3.9;3.1
849;-32.99;-71.667;9.1;3.8;46.1;88
850;-35.753;-73.061;9.1;4.2;9.1;8.4
851;-33.025;-71.641;0;3.8;48.9;72.4
852;-33.365;-70.153;9.4;4.3;2.1;2.7
853;-33.909;-70.342;119.6;4.2;5.4;5.7
854;-32.904;-71.652;7.3;3.9;50.9;78.25
855;-32.728;-71.858;0;4.2;74.5;76.5
856;-34.301;-70.567;98.3;3.8;4.5;4.35
857;-32.307;-71.903;18.8;4.2;8.1;5.3
858;-32.548;-71.549;45.3;3.7;2.9;5.3
859;-33.431;-70.459;98.2;3.8;3.5;3.35
860;-31.288;-69.2;141.7;4.3;14.8;7.6
861;-32.38;-69.891;134.4;3.8;9.2;9.6
862;-34.372;-70.062;123.6;3.8;4.5;6.45
863;-32.835;-71.659;0;3.8;44.2;53.55
864;-31.761;-70.756;105.7;4.2;9.5;7.85
865;-27.245;-70.778;73.9;4.8;29.4;24.35
866;-35.017;-71.065;100;3.6;4.7;4.45
867;-32.057;-71.95;13.1;4.7;5.4;3.95
868;-32.06;-71.931;19.9;4.6;3.7;4.3
869;-34.326;-70.196;6.3;3.3;2.6;3.85
870;-32.257;-71.493;59.3;4.3;7.5;2.3
871;-32.68;-71.64;5.3;3.6;3.8;4
872;-34.111;-71.571;48.2;3.1;5;4.15
873;-35.218;-71.198;93;3.6;4.4;4.75
874;-34.027;-71.431;43.1;3.4;4.5;3.3
875;-31.221;-68.582;257.9;4.4;31.3;23
876;-31.564;-69.753;158.7;4.3;9.6;7.2
877;-32.892;-71.04;58.9;3.8;5.3;3.6
878;-32.25;-71.721;3.1;4;32.6;19.75
879;-34.01;-72.345;6.5;4.4;16.9;10.15
880;-32.302;-71.74;22.5;4.4;6.9;4.6
881;-33.998;-72.237;2.3;3.8;3.5;4
882;-34.011;-72.236;2.5;4;2.7;2.95
883;-34.014;-72.324;0.6;3.7;3.9;4.1
884;-32.61;-71.839;35.7;3.9;5.2;6.6
885;-32.788;-71.182;50.7;3.8;3.8;2.25
886;-34.512;-70.706;109.2;4.1;3.6;3.95
887;-31.824;-71.097;87.3;3.8;9.2;4.4
888;-32.049;-70.555;103.9;4.2;7.1;4.05
889;-32.875;-68.679;8.2;4.2;31.6;18.65
890;-35.752;-71.791;7;3.8;3.3;8.5
891;-30.292;-72.21;15.1;4.7;35.9;14.75
892;-31.686;-72.249;19.9;4.3;6.4;5.6
893;-31.367;-69.663;152.1;4.2;13.8;8.8
894;-31.63;-72.013;0.8;4.2;18.4;14.4
895;-32.78;-71.028;69.7;3.7;3.4;2.85
896;-33.319;-70.192;102.2;3.3;5.7;5.75
897;-31.653;-68.794;232.8;4.3;25.7;20.5
898;-32.745;-70.791;81.4;3.5;4.4;4.95
899;-35.31;-71.195;112;3.5;8.7;10.25
900;-33.925;-70.29;116.5;3.7;6.1;6.85
901;-34.83;-69.798;0;3.8;42.2;27.75
902;-31.657;-71.796;47.4;3.9;6.1;5.25
903;-32.586;-71.71;9.7;4;3.5;3
904;-33.394;-71.54;49.6;4.1;4.9;2.9
905;-29.643;-71.203;31.8;4.4;3.1;5.3
906;-32.507;-71.761;25.9;3.9;11.1;4.6
907;-32.836;-70.768;77.5;4;3.3;2.7
908;-32.588;-70.778;79.8;3.3;6;6.1
909;-33.414;-70.534;90.5;3.4;4.3;3.1
910;-31.311;-71.909;25.5;4.3;4.8;4.65
911;-31.3;-71.906;13.8;4.3;11.2;8.65
912;-34.449;-71.147;71.4;3.4;4.5;3.15
913;-33.66;-71.133;64.6;3.3;3.5;2.05
914;-31.697;-70.457;0;4.4;920.5;882.3
915;-34.654;-71.317;78;3.7;4.8;4.25
916;-33.344;-72.036;15;4;2.4;3.15
917;-31.155;-69.589;180.2;4.7;12.4;10.65
918;-34.515;-70.454;126.2;3.5;4.1;4.4
919;-34.794;-72.164;12.1;4.3;6.7;4.6
920;-31.675;-69.904;151.6;3.8;14;16.3
921;-33.899;-70.223;116.1;3.6;4;4.15
922;-33.372;-70.116;4.9;3.5;5.2;5.25
923;-34.044;-70.186;111.9;3.5;5.7;6.25
924;-33.486;-68.714;0;4;40.5;22.3
925;-33.232;-69.201;15;4.2;28.5;16.2
926;-34.472;-70.396;4.3;3.7;3.3;4.7
927;-33.962;-70.379;114.1;3.6;4.5;4.4
928;-33.028;-70.314;108.5;3.5;4.6;4
929;-34.037;-70.145;4.4;3.7;2.7;3.45
930;-32.263;-71.828;15.2;4;31.7;19.75
931;-34.975;-70.769;120.7;3.5;4.7;4.85
932;-32.64;-71.65;15;3.6;3.6;4.15
933;-33.935;-68.481;0;4.1;15;11.75
934;-31.489;-70.973;39;4.2;7.2;13.15
935;-32.358;-71.757;9.9;4.3;22.3;13.8
936;-33.356;-70.384;92.8;3.4;3.4;3.1
937;-32.979;-70.178;118;3.5;6.6;6.65
938;-32.788;-72.157;30.3;3.8;5.7;5.4
939;-34.648;-71.259;64.5;3.2;7.6;7
940;-32.501;-68.223;260.2;4.6;11;9.2
941;-35.834;-73.743;55;3.8;19.2;11.9
942;-32.847;-71.134;57.9;3.7;3.8;2.4
943;-31.02;-71.183;54.7;4.2;8.6;7.45
944;-32.461;-72.058;21;4;8.1;4.75
945;-33.681;-70.242;109.4;4;4.4;4.15
946;-29.268;-71.299;54.3;4.9;10.9;7.1
947;-33.745;-71.421;47.3;4.1;2.1;2.25
948;-29.667;-71.276;37.4;4.2;3.5;6.35
949;-32.288;-71.859;0;4.3;3.6;3.35
950;-33.578;-69.986;1.6;3.4;3.4;3.85
951;-31.74;-70.302;129.2;3.5;9.2;13.05
952;-36.058;-71.456;105.2;3.7;7.5;9.75
953;-31.265;-71.717;11.3;4;7.6;7.85
954;-31.94;-71.455;15;3.8;999.9;5.35
955;-31.41;-69.853;162.2;4;14.4;10.95
956;-32.384;-70.547;96.9;3.4;6;7.3
957;-33.877;-70.437;96.9;3.5;3.4;3.35
958;-32.433;-70.723;75.4;3.8;5.7;6.1
959;-32.486;-72;10.3;3.8;36.2;22.7
960;-33.267;-70.93;73.3;3.3;6.7;4.2
961;-34.999;-70.648;128.5;3.8;5.8;6.75
962;-35.004;-70.649;128.3;3.3;4;4.8
963;-32.784;-71.559;25.8;3.3;6.8;3.85
964;-32.775;-70.279;112.4;3.3;9.7;10.35
965;-32.773;-70.284;111.6;2.6;9.1;9.8
966;-31.505;-69.453;161;4.1;16.1;10.45
967;-34.132;-70.057;7.8;3.3;3.5;5.2
968;-32.921;-70.78;75;4.3;3.5;2.45
969;-32.336;-71.425;40.7;3.6;3.3;3.5
970;-32.082;-71.012;87.4;3.5;8.9;7.15
971;-31.87;-71.722;32.3;4.1;4.8;5
972;-33.388;-70.515;94.2;4;3;2.55
973;-31.544;-69.666;140.2;3.8;14.5;8.7
974;-32.638;-71.478;7.6;3.5;4.1;4.7
975;-35.227;-71.228;104;3.5;6.1;6.5
976;-34.16;-70.447;110.1;3.5;4.8;7.3
977;-33.594;-71.061;66.7;3.5;3.6;2.15
978;-32.048;-71.672;47.6;3.7;650.9;5.95
979;-34.01;-70.114;1;3.7;3.3;3.9
980;-32.083;-71.789;15.1;4.1;9.5;5
981;-30.782;-70.371;152.1;4;5.8;5.65
982;-35.376;-70.895;113.1;3.3;8.8;8.65
983;-34.34;-72.579;0;3.6;14.6;8.8
984;-34.137;-71.266;64.3;3.4;4.9;2.8
985;-32.52;-71.911;0;3.6;6.8;4
986;-34.467;-71.497;62.4;3.5;9.8;5.55
987;-34.854;-70.7;93.4;3.4;7;6.85
988;-32.541;-71.642;22.9;3.5;7.9;5.5
989;-28.224;-71.08;35;4.5;8.1;9
990;-28.95;-69.809;60.8;4.2;999.9;295.85
991;-31.697;-71.883;4.6;3.8;9.4;8.5
992;-35.649;-71.411;98;3.8;8.7;8.8
993;-34.088;-70.775;77.8;3.2;5.7;5.75
994;-37.805;-71.922;145;4.4;433.8;384.45
995;-30.73;-71.991;0;4;5.1;4.55
996;-33.909;-70.405;120;3.7;4.6;4.95
997;-30.768;-71.467;52.7;4;8.6;8.75
998;-27.837;-71.456;1.5;4.5;4.4;4.85
999;-33.396;-71.987;10.8;4;2.7;3.05
1000;-32.842;-70.468;97.9;3.6;3;3.25
1001;-34.731;-72.346;15;3.7;28.8;18.1
1002;-36.428;-70.93;206.2;4.3;7.3;7.95
1003;-33.259;-70.718;102.2;3.1;6.8;9.1
1004;-31.484;-71.751;32.4;3.9;6.4;8.9
1005;-34.25;-70.464;118.8;4;6.2;7.2
1006;-39.472;-72.235;47.3;4.4;999.9;180.65
1007;-31.696;-72.997;46.1;4.5;15.6;7.3
1008;-36.019;-71.683;81.2;3.9;15.8;13.35
1009;-32.503;-71.628;0.9;4;3.7;4.4
1010;-31.786;-69.394;170.7;3.7;13.5;8.9
1011;-32.581;-69.051;0;3.8;41.4;25.25
1012;-32.901;-71.221;55.5;3.2;7.9;5.05
1013;-31.531;-72.118;49.4;3.6;708.7;12.3
1014;-33.469;-70.093;7.5;3.1;4.7;6.9
1015;-33.988;-70.09;4.3;3.4;3.4;4.6
1016;-34.01;-70.431;4.7;3.5;2;2.25
1017;-33.899;-70.287;115.6;3.4;5.3;4.9
1018;-33.616;-70.627;24;3;4.9;3.05
1019;-30.637;-71.348;44.8;4;2.9;3.8
1020;-33.467;-72.262;36.1;4;4.4;4.35
1021;-32.459;-69.193;0.1;4.3;11.7;7.5
1022;-32.146;-70.151;115.5;3.3;14.9;15.25
1023;-32.828;-70.746;77.7;3.8;3.5;2.85
1024;-31.705;-71.855;25.2;4.6;4.1;4.15
1025;-31.476;-69.64;156.1;4;12.2;8.65
1026;-31.231;-69.102;163.9;4.2;20.5;10.25
1027;-29.053;-67.583;153.2;4.5;84.5;21.4
1028;-32.713;-71.072;54.7;4;5;2.85
1029;-32.32;-72.061;0;3.8;8.9;5.6
1030;-33.04;-70.393;101.3;3.6;4.8;4.65
1031;-32.845;-70.127;101.4;3.8;11.4;12.5
1032;-31.141;-69.165;236.5;4.2;13.1;10.55
1033;-32.643;-71.577;7.6;3.5;3.8;3.3
1034;-31.343;-71.532;4.3;3.7;3.5;3.05
1035;-31.502;-69.521;173.4;3.6;28.5;22.15
1036;-33.183;-72.073;6.1;3.5;1.9;3.15
1037;-32.222;-71.572;39;3.3;3.6;4.9
1038;-31.587;-69.743;172.4;3.2;19;17.75
1039;-34.5;-71.369;59.1;3.6;6.2;3.45
1040;-31.391;-70.75;193.5;3.2;7.4;20.95
1041;-30.71;-71.836;19;4.5;15.2;6.55
1042;-31.031;-71.763;47;4;0;4.55
1043;-32.613;-70.22;121.2;4.6;6.8;5.2
1044;-31.324;-72.189;41.6;3.9;7.1;5.95
1045;-31.352;-72.121;47;4;26.2;13.85
1046;-34.74;-70.436;128.7;3.7;4.3;4.8
1047;-35.587;-72.688;2.9;4.1;6.6;5.4
1048;-32.723;-71.443;30.8;3.6;10.6;4.7
1049;-34.701;-71.959;15;3.5;6;3.65
1050;-32.455;-71.366;38.6;3.6;3;4.4
1051;-34.739;-70.85;99;3.8;4.7;4.2
1052;-36.137;-71.447;136.1;3.7;12.7;12.9
1053;-38.09;-72.496;38.1;4;6.9;8.7
1054;-31.731;-70.246;129.8;3.5;8.2;6.25
1055;-32.442;-71.813;31.5;4;5.9;4.3
1056;-33.685;-70.26;117.5;3.2;11.6;10.75
1057;-35.513;-71.39;86.7;3;4.8;6.55
1058;-32.715;-71.167;9.8;3.5;2.7;3.65
1059;-33.806;-72.21;42.6;4.3;2.9;3.2
1060;-34.753;-70.874;96.1;3.2;5.5;4.7
1061;-30.761;-71.358;104.8;3.8;10.9;9.25
1062;-33.218;-71.011;71.2;3.2;5.2;3.1
1063;-32.676;-71.679;28.5;3.7;5.4;4.7
1064;-32.622;-71.669;25.1;3.7;14.9;4.3
1065;-34.04;-70.331;5.4;3.5;4.2;5
1066;-32.588;-70.068;124.9;4;5.8;5.5
1067;-33.592;-70.239;104.2;3.5;4.2;3.7
1068;-31.998;-71.479;0.6;3.7;11.6;9.15
1069;-34.513;-70.373;103.2;2.5;10.9;14.75
1070;-34.805;-71.485;7.7;4;5.4;4.25
1071;-30.041;-68.647;14.4;4.5;47.3;39.45
1072;-33.599;-70.604;89.5;2.6;5.8;3.55
1073;-36.047;-72.175;47;3.8;11.6;14.6
1074;-30.385;-71.376;43.7;3.9;2.9;4
1075;-32.772;-70.128;109.1;2.7;7.6;7.7
1076;-35.174;-70.13;18.6;4.1;13.2;6.85
1077;-32.01;-71.03;59.6;3;23.3;7.75
1078;-31.8;-69.715;148.3;3.9;9;7.15
1079;-32.468;-71.879;13.3;3.4;35.7;23
1080;-33.963;-70.293;115.2;2.4;6.5;8.4
1081;-30.782;-71.191;85.3;4.5;17.7;10.35
1082;-28.736;-71.452;15.3;2.6;999.9;4.25
1083;-32.231;-70.238;0;3.9;4.1;4.25
1084;-31.11;-71.485;44.8;3.9;13.1;7.85
1085;-28.877;-71.548;37.2;3.4;5;7.7
1086;-34.05;-72.32;33.4;4.4;4;3.15
1087;-33.28;-70.921;69.4;2.8;4.9;3.05
1088;-32.177;-71.121;73.4;3.9;6.6;3.25
1089;-34.248;-71.35;56.1;2.9;5.3;3.1
1090;-33.202;-70.865;68.7;3.3;5.6;3.3
1091;-32.863;-70.223;107.9;2.6;8.5;9.1
1092;-32.476;-71.628;33.5;4.5;3.7;3.65
1093;-33.131;-70.295;110.1;3.5;5.1;4.7
1094;-32.993;-71.698;35;3.6;3.5;3.25
1095;-31.546;-69.749;154.1;3.3;12.1;9.55
1096;-35.063;-71.132;112.4;3.2;9.6;6.3
1097;-31.71;-69.595;140;3.5;11.5;7.4
1098;-32.789;-71.219;64.5;2.5;16.7;8.65
1099;-32.109;-71.17;44;4;2.7;3.4
1100;-33.032;-71.345;56.8;2.4;7.8;4.15
1101;-33.981;-70.673;85;2.3;3.8;3.95
1102;-32.547;-71.408;15;3.6;6.8;9.3
1103;-34.007;-71.535;42.6;3.2;5.7;3.65
1104;-33.892;-70.686;84.1;3.1;3.5;2.6
1105;-31.838;-68.817;176.5;3.7;18;11.1
1106;-32.999;-70.245;95.8;2.4;3.7;4
1107;-34.556;-70.986;78.5;2.7;4.8;3.4
1108;-36.538;-71.633;127.5;3.3;7.1;7.75
1109;-30.242;-69.745;160;4.2;0;3.65
1110;-31.589;-70.349;141.9;4.1;7.4;7.75
1111;-34.682;-72.364;20.3;3.8;8.1;5.9
1112;-32.747;-70.605;41.9;3.7;3.3;4.5
1113;-29.716;-70.589;1;4;13.3;9.1
1114;-35.422;-71.195;96.7;3.3;15.8;9.15
1115;-32.738;-68.919;1.3;4.7;13.8;9.25
1116;-33.088;-70.286;111.9;3.6;3;2.75
1117;-30.617;-67.925;228.2;3.8;47.2;28.05
1118;-32.366;-71.849;15.3;4;999.9;5.65
1119;-32.335;-71.609;43.6;3.6;3.3;5.75
1120;-36.122;-71.2;142.9;3;11.7;11
1121;-32.546;-71.753;11.6;4.4;5.1;3.2
1122;-32.564;-71.775;15;3.6;6.5;6.95
1123;-31.975;-69.761;123.4;3.1;10.4;7.3
1124;-32.459;-71.649;5.2;4.3;2.9;2.35
1125;-32.318;-71.705;27.6;3.4;8.3;7.35
1126;-31.354;-71.83;5.8;4.2;7;6.9
1127;-32.377;-71.764;15;3.7;5.8;6.45
1128;-34.352;-70.172;5;3.6;2.6;3.6
1129;-32.541;-71.859;38;3.4;5.3;9.1
1130;-31.611;-71.473;23.1;3.7;5.4;10.45
1131;-35.576;-71.243;127;3.3;7.9;10.75
1132;-32.649;-71.656;6.5;3.4;3.3;4.55
1133;-31.998;-71.506;37.4;3.7;3.1;4.5
1134;-33.044;-72.088;11.9;3.8;5;5.8
1135;-34.153;-70.849;80.4;2.4;3.2;4.3
1136;-32.909;-70.164;107.3;3.1;6;6.45
1137;-31.757;-71.684;10.2;4.8;7.5;6.65
1138;-31.581;-70.17;134.2;3.2;13.4;14.2
1139;-33.173;-69.972;108.7;2.5;8.3;8.65
1140;-35.06;-71.201;94.9;3.1;4.8;6.25
1141;-35.374;-71.17;115;3.8;5.1;6.75
1142;-32.235;-71.098;65.5;2.8;9;4.95
1143;-33.688;-71.809;43.3;4.5;2.7;2.95
1144;-33.869;-70.301;119.9;3.1;4;3.6
1145;-30.838;-71.645;14.7;3.9;9.2;12.7
1146;-33.245;-72.055;9.8;3.5;2.1;3.55
1147;-31.221;-71.964;19.9;4.7;4.6;3.85
1148;-33.226;-71.264;63.9;2.8;7.1;3.3
1149;-32.882;-69.669;117.5;3.1;6.9;6.6
1150;-33.676;-70.819;76;3.1;3.6;2.35
1151;-32.4;-71.236;70.6;2.9;5.4;3.7
1152;-31.455;-71.372;33.7;4;4.2;4.8
1153;-31.836;-72.712;23.9;4;6;9.15
1154;-31.475;-71.757;5;3.9;0;6.15
1155;-31.47;-69.333;218.7;3.7;29.4;25.7
1156;-33.875;-70.242;117.2;2.4;3.9;4.9
1157;-33.68;-71.789;43.1;3.6;2.2;3
1158;-31.282;-70.096;192;3.8;18.9;21.35
1159;-34.308;-71.127;66.1;2.8;5.1;3.15
1160;-34.991;-71.289;72.8;2.7;9.2;7.75
1161;-33.481;-70.224;112.4;3.9;4.6;4.35
1162;-32.016;-69.945;142.2;3.7;8.8;6.5
1163;-34.707;-70.291;0;3.6;3.2;4.5
1164;-32.105;-69.681;135.2;3.6;12.3;9.1
1165;-30.004;-68.851;47.7;4;999.9;18.9
1166;-31.763;-68.71;191.1;4;16.8;10.5
1167;-31.904;-71.774;15;3.9;0;7.95
1168;-31.988;-71.786;6.5;4;30.6;17.7
1169;-36.091;-71.247;141.8;3.6;8.5;8.5
1170;-27.05;-71.69;25;4.5;0;25.3
1171;-33.402;-68.264;0;4.1;79.2;41.9
1172;-31.549;-70.724;108;2.9;6.9;9.95
1173;-33.139;-71.42;6.8;3.6;14.3;9.55
1174;-32.754;-71.641;5.9;4.4;3;2.95
1175;-31.736;-69.856;139.5;3.2;17.5;16.65
1176;-33.371;-71.296;64.1;2.9;8;4.25
1177;-31.093;-71.004;0;3.9;10.7;20.3
1178;-33.905;-72.016;3.8;3.3;5.1;11.7
1179;-35.092;-71.333;65.2;3.1;8.1;5.95
1180;-32.618;-71.394;10.8;4;6.1;5.05
1181;-31.552;-71.617;0.5;4.2;6;5.25
1182;-31.474;-69.835;168.3;4.1;10.4;9.8
1183;-32.64;-71.687;2.3;3.5;3.5;4.2
1184;-32.455;-71.31;46.3;3.7;1.3;2.4
1185;-34.924;-70.268;144.4;3.1;6.1;6.6
1186;-32.52;-71.619;3.2;3.8;2.9;3.5
1187;-32.465;-71.799;15;3.6;999.9;7.1
1188;-32.559;-69.822;97.7;2.5;12.4;10.15
1189;-34.728;-71.642;48.7;3.3;14.2;6.2
1190;-32.007;-70.841;93.4;3;6;4.25
1191;-32.483;-71.824;15.1;3.4;999.9;6.35
1192;-32.103;-71.662;0;3.3;19.2;13.2
1193;-34.3;-71.332;64;2.7;7.9;4.9
1194;-34.836;-72.755;0.8;3.8;5;3.75
1195;-32.088;-71.931;15.3;3.5;999.9;7.25
1196;-30.869;-71.251;17.1;4;6.3;7.05
1197;-29.402;-72.544;37.5;4;4.9;4.05
1198;-31.37;-67.405;113.2;4;42.9;7.65
1199;-31.686;-70.29;142.2;3.4;6.2;11.05
1200;-34.722;-70.876;100.6;3.6;3.5;3.6
1201;-30.779;-70.63;18.9;4;7.4;9.25
1202;-34.085;-70.039;4.1;3.5;2.5;3
1203;-33.733;-70.491;90.3;3;5.3;6.55
1204;-34.057;-70.006;2;3.1;3;3.7
1205;-32.678;-71.799;15;4.1;10.8;4.65
1206;-32.314;-71.134;60.5;2.7;7.1;4.55
1207;-32.543;-68.761;20;3.5;0;4.8
1208;-32.125;-71.64;51.1;3.8;6;5.7
1209;-32.41;-71.56;50;4.1;18.7;5.95
1210;-32.753;-70.603;41.8;3.4;2.4;2.95
1211;-34.241;-70.514;91.9;2.5;4.9;7.15
1212;-33.711;-70.274;109.9;3.1;4.5;4.2
1213;-30.626;-71.747;10.4;4.2;9;11
1214;-33.261;-69.786;2.9;3.4;1.9;3.05
1215;-31.43;-69.889;169.9;3.1;13.3;17.65
1216;-32.009;-71.536;34.5;3.9;3.2;4.85
1217;-32.556;-72.067;36.1;4;2.6;4.05
1218;-34.039;-70.329;103.9;2.3;6.5;7.5
1219;-31.877;-71.066;91.9;2.9;9.5;4.45
1220;-33.047;-70.205;116.4;3.2;4.6;4.3
1221;-28.379;-72.315;0;4.3;15.4;18.45
1222;-33.737;-71.176;61.2;2.3;8.6;5.9
1223;-34.699;-72.345;15;3.8;7.3;5.15
1224;-34.242;-70.77;83.4;2.6;6;6.15
1225;-32.902;-70.36;100.2;3;4.2;4
1226;-34.972;-71.186;80.3;3.3;5.6;4.8
1227;-33.99;-71.463;42.7;3.9;3.1;3.55
1228;-29.001;-69.388;187.2;4.2;39.5;20.3
1229;-29.488;-68.992;0.8;4.1;9.7;6.3
1230;-30.338;-72.937;46.8;4.3;420.1;176.45
1231;-34.255;-72.05;36.5;3.5;3.4;4.2
1232;-32.764;-71.253;50.3;4.7;4.9;2.2
1233;-35.703;-71.046;18.6;3.5;6.9;6.2
1234;-31.51;-69.357;181.8;3.7;19.3;14.3
1235;-31.665;-69.861;135.1;2.8;28.6;16.85
1236;-31.771;-71.291;0;3.8;13.5;11.4
1237;-31.846;-70.136;118.8;3.1;12.7;9.9
1238;-31.938;-71.381;72.5;3.5;10.6;3.75
1239;-32.048;-69.911;154.3;3.1;15.7;17.65
1240;-31.847;-69.003;232.5;4.3;13;10.65
1241;-33.851;-70.132;1.8;3.7;3.1;3.55
1242;-33.347;-70.762;71;2.1;8.3;4.9
1243;-33.127;-70.393;105;2.6;5.1;4.1
1244;-34.81;-72.505;22;4.3;4.2;3.7
1245;-31.593;-69.801;140.4;3.4;9.9;6.65
1246;-32.085;-71.573;42.3;3.4;3.1;4.8
1247;-32.04;-70.227;124.9;2.9;6;5.9
1248;-34.564;-72.239;3;4.2;5.1;3.05
1249;-34.72;-72.25;0;3.5;19.4;13.55
1250;-32.724;-70.763;84.9;3.5;5;4.75
1251;-34.084;-70.379;109.7;3.2;6.7;11.65
1252;-35.909;-71.508;129.4;3.9;4.2;5.35
1253;-34.834;-70.881;109.8;3.5;4.3;4.6
1254;-33.492;-68.571;0;3.8;15.8;10.55
1255;-32.139;-71.035;86;3.6;5.5;6
1256;-34.41;-73.404;0;3.8;12;10.65
1257;-35.302;-71.105;87.1;3.8;7.1;7.2
1258;-35.517;-70.433;186.9;2.9;10.2;9
1259;-32.081;-71.334;19.3;4;10.6;7.25
1260;-34.087;-70.592;6.9;3.7;2.4;2.9
1261;-32.543;-68.984;160;3;19.7;15.75
1262;-31.573;-71.399;47.4;3.4;999.9;13.95
1263;-34.771;-72.161;6.2;3.7;7.3;4.8
1264;-32.524;-70.218;117.2;2.9;8.1;8.7
1265;-32.629;-71.714;15;3.5;17.3;11
1266;-33.978;-70.767;84.2;2.3;5.7;4.15
1267;-33.302;-70.727;78.1;2.5;4.1;2.85
1268;-33.399;-70.12;6.2;3.1;3.1;4.05
0;-34.05;-70.696;100.3;2.7;2.9;2.95
1;-29.333;-70.706;73.6;3.5;19.7;11.7
2;-32.826;-71.597;61;3.5;4.9;2.7
3;-31.302;-71.771;2.7;3.8;4;3.5
4;-31.907;-71.693;74.7;4.8;8.5;4.4
5;-34.686;-72.513;27.3;3.8;5.5;5.7
6;-33.425;-70.755;78;2.3;5.5;3.25
7;-31.816;-69.876;144.7;3.4;14.9;12.85
8;-33.549;-70.232;106.6;2.8;5.8;5.65
9;-32.609;-70.212;109.4;3.3;6.9;6.35
10;-33.498;-70.236;115;2.9;3.8;3.85
11;-35.674;-70.913;155.3;3.2;7.2;7.25
12;-31.341;-69.319;165.2;3.3;66.7;39.4
13;-31.457;-69.832;171.1;4.8;8.3;6.05
14;-33.502;-72.496;33.2;5;5.8;4.4
15;-32.1;-71.756;0;3.7;12.6;8.2
16;-32.064;-71.826;8.8;3.7;46.2;28.4
17;-32.094;-70.293;120.6;3.7;6.4;5.7
18;-33.117;-70.155;114.4;3.2;3.8;3.9
19;-32.652;-71.479;15.1;3.6;999.9;4.9
20;-31.817;-70.081;146.6;3.6;7.4;7.85
21;-33.622;-71.694;56.5;3.3;4.8;3.6
22;-40.434;-71.643;78.9;4.7;54.5;9.6
23;-32.755;-69.025;157.8;2.9;13.8;11.45
24;-32.269;-69.121;17;3.8;8.9;8.3
25;-32.235;-68.027;257.4;3.6;36.6;28.2
26;-34.532;-70.333;135.4;4.1;4.1;4.1
27;-37.1;-71.551;5;4;10.8;9.2
28;-32.481;-71.378;39.8;3.7;2.8;4.5
29;-33.474;-72.36;33.8;5.3;3.7;3.8
30;-33.484;-72.46;0;4.8;2.9;2.3
31;-33.471;-72.233;4.2;3.7;1.2;1.3
32;-33.495;-72.233;4.2;4;1.9;2
33;-33.477;-72.336;26.9;4.3;10.3;4.6
34;-33.469;-72.269;3.6;4.4;3.5;3.25
35;-33.512;-72.248;0.5;3.7;3.5;4.45
36;-33.475;-72.253;2.7;3.8;4.1;5.15
37;-33.496;-72.29;0.6;4.2;3.9;3.95
38;-33.473;-72.265;3.5;4.1;2.7;2.7
39;-33.491;-72.307;2.9;4.1;3.4;3.25
40;-33.525;-72.202;5.3;3.7;2.5;3.45
41;-34.862;-70.843;116.4;3.9;4.5;4.6
42;-33.401;-72.151;6;4.1;2.2;2.6
43;-33.073;-70.863;74.2;2.8;5.4;3.5
44;-33.555;-72.019;9.4;3.6;3.3;4.3
45;-33.456;-72.324;2.4;4.9;7.6;7.65
46;-33.538;-72.263;1.3;3.6;4.1;5.2
47;-33.526;-72.31;0;3.6;3.8;5
48;-31.665;-69.838;169.8;3.9;7.3;6.45
49;-32.355;-71.601;15.2;3.7;25;15.4
50;-31.861;-70.161;136.3;3.6;6.9;7.3
51;-33.508;-72.293;2.9;3.5;4.7;5.2
52;-33.511;-72.31;0;4;3;3.1
53;-32.799;-71.196;64.6;4.1;5.6;3.75
54;-33.507;-72.256;0.5;3.8;4.5;5.3
55;-33.514;-72.296;0;3.6;3.1;3.6
56;-33.487;-72.401;6.9;4.1;8.1;4.9
57;-33.518;-72.293;0;3.5;4.1;5.4
58;-33.511;-72.286;1.1;3.7;2.8;3.05
59;-29.972;-70.938;78.1;3.5;13.8;13.8
60;-33.489;-72.306;1.8;3.8;2.5;2.5
61;-29.953;-71.326;82.2;3.6;11.5;31.5
62;-33.592;-70.355;105.8;3;4.1;3.6
63;-33.185;-70.371;94.7;2.7;6;6.35
64;-32.806;-71.298;42.1;3.5;5.3;2.85
65;-33.435;-72.254;2.9;3.6;3.2;3.85
66;-33.415;-72.172;4.8;4.3;3.2;3.25
67;-33.465;-72.277;15;4.3;999.9;3.75
68;-31.136;-68.592;108.1;3.5;62.6;15.2
69;-31.481;-69.89;135;3.1;15.4;18.25
70;-34.054;-70.636;99;3.1;3.4;2.9
71;-31.423;-71.592;47.2;3.8;8;4.8
72;-33.863;-70.448;9;3.5;1.8;2.05
73;-33.864;-70.443;9.2;3.4;2.4;2.75
74;-32.446;-71.932;24.6;3.7;4.5;4.45
75;-31.26;-71.624;8;3.9;7;6.75
76;-33.738;-70.487;111.7;3.3;4.1;3.6
77;-31.738;-69.582;143.2;3.4;15.6;9.85
78;-32.562;-71.618;20.4;4;7.8;4.5
79;-32.988;-70.159;112;3.1;4.5;4.8
80;-27.804;-71.541;36.6;4.6;999.9;531.05
81;-32.764;-70.161;108.3;3.1;8.1;8.8
82;-34.071;-70.138;8.2;3.7;2.1;2.8
83;-33.149;-70.468;95.7;2.6;8.1;6.1
84;-34.453;-70.319;3.4;3.6;3.2;4.4
85;-34.71;-72.516;20.8;3.7;7.5;7.25
86;-33.835;-70.212;115.1;3.3;5.2;5.45
87;-32.379;-70.814;70;3.8;6.4;5.9
88;-33.366;-72.444;35.8;3.8;5.5;8.45
89;-31.611;-71.83;0;4.2;8.4;7.8
90;-31.802;-69.948;144.2;3.5;7.1;5.35
91;-33.283;-68.57;0;3.8;13.1;9.15
92;-33.333;-72.097;15;3.3;26.6;15.95
93;-32.891;-70.861;73.3;2.9;5.2;3.6
94;-32.011;-71.513;4.3;4.2;6.6;5.25
95;-32.042;-71.465;0;4.2;6.2;4.35
96;-34.029;-70.731;86.5;2.8;5.5;5.75
97;-31.624;-69.975;128.7;2.8;27.3;28.4
98;-31.633;-71.849;24.1;4.1;5.5;7.05
99;-31.598;-71.626;0;3.5;24.7;20.3
100;-31.647;-71.624;0;3.7;26.2;21.3
101;-34.616;-72.46;20.9;4.4;7.6;3.85
102;-29.19;-71.748;45;5;5.9;7.5
103;-33.39;-70.355;33.4;3.3;8.5;5.8
104;-33.57;-71.822;27.8;3.5;6.2;3.7
105;-28.708;-69.64;84.9;3.8;75;18.4
106;-33.954;-70.527;13.3;3.4;1.6;2.2
107;-32.419;-70.898;91.3;3;5.1;5
108;-31.506;-71.391;0;4.1;17.4;20.75
109;-33.167;-70.258;11.6;3.1;2.5;3.8
110;-33.298;-72.001;36.8;4.4;3.2;2.85
111;-33.019;-70.761;74.8;2.8;7.3;4.85
112;-34.219;-71.354;15;3.3;6.1;2.9
113;-31.649;-68.853;162.4;3.9;22.8;12.35
114;-34.005;-71.415;56.9;2.8;5.1;3.6
115;-34.127;-70.697;114.1;4.1;5.1;5.15
116;-29.262;-71.919;5;4.4;0;6.55
117;-33.087;-70.064;106;2.9;7.9;9.95
118;-32.178;-70.247;137.6;2.9;16.1;23.85
119;-33.05;-70.015;145.8;2.4;13.8;18.3
120;-34.809;-70.723;118.4;3.1;4.4;5.6
121;-31.559;-69.619;124.7;2.9;24.3;17.9
122;-32.586;-71.612;24;4;6.3;3.65
123;-31.423;-70.294;11.3;3.9;7.6;7.7
124;-32.624;-71.583;0;3.5;14.5;8.7
125;-36.226;-71.301;141.7;2.9;11.7;15.25
126;-32.686;-72.731;21.1;3.8;7.4;12.1
127;-32.531;-71.877;15;3.7;18;11.5
128;-32.694;-70.153;111.7;4;5.3;5.9
129;-33.521;-70.148;107.5;2.9;4.1;4.6
130;-31.585;-69.937;152.7;3.4;6.8;5.55
131;-31.685;-71.807;3.1;4;15.9;12
132;-33.525;-70.012;8.1;3.7;2.2;3.15
133;-33.334;-68.452;0;3.8;66.8;35.4
134;-33.137;-71.169;24.7;3.5;6.7;2.2
135;-33.39;-68.869;0;3.3;58;30.85
136;-32.664;-71.477;8.5;3.5;2.8;3.1
137;-31.038;-71.328;23.2;3.8;6.9;6.75
138;-30.808;-72.551;32;4.2;7.7;8.05
139;-33.393;-72.197;2.7;4.2;2.8;2.55
140;-33.844;-72.094;4.6;4.1;2.5;3.25
141;-33.801;-72.651;0;3.9;44.2;24.1
142;-33.608;-70.361;11.1;3.2;1.7;2.3
143;-31.698;-68.064;197.2;3.7;45;26.3
144;-33.133;-70.67;92.1;2.6;3.5;2.8
145;-32.784;-71.782;15.5;3.5;523.6;4.2
146;-35.65;-71.439;106.3;3.3;6.7;7.65
147;-32.671;-71.623;5.5;3.7;3.6;3.9
148;-32.676;-71.622;5.8;3.6;5;9.25
149;-34.476;-70.484;116.5;3.1;3.8;6.05
150;-33.99;-71.331;40.7;3.8;3.7;5
151;-34.026;-70.147;0;3.3;5.9;5.35
152;-32.898;-70.623;6.1;4.1;2;2.05
153;-27.786;-67.472;330.6;4;53.8;33
154;-35.621;-70.67;14.9;3.6;17.3;12.45
155;-34.209;-70.951;94.7;2.7;6.2;5.05
156;-32.236;-71.336;43.6;3.6;10.3;8.9
157;-31.402;-68.865;0;3.8;43;29.55
158;-33.437;-71.293;52.8;3.4;5.7;3.05
159;-33.293;-71.862;30.5;3.5;7.2;3.4
160;-31.733;-70.521;123.3;3.9;6.5;6.85
161;-33.385;-71.844;35.8;3.4;6.6;6.15
162;-33.145;-70.268;4.8;3.5;2.6;2.85
163;-31.388;-69.372;175.8;3.1;15.9;15.25
164;-34.612;-72.573;28.1;3.4;5.9;8.05
165;-31.302;-69.174;180.2;3.3;57.7;34.4
166;-35.399;-70.599;0;3.8;25.9;14
167;-34.435;-70.634;11.2;3.6;3.1;4
168;-32.025;-70.397;125.3;3.1;4.2;4.65
169;-35.652;-71.234;110;3.1;11.7;16.2
170;-32.107;-70.926;45.5;3.4;2.3;5.8
171;-33.925;-71.046;77.4;3.5;3.6;2.5
172;-35.61;-71.48;117.2;3.4;5.1;8.35
173;-34.999;-72.77;0;4.1;6;4.2
174;-35.141;-72.668;4.8;3.8;14.3;12.05
175;-33.301;-71.471;65.2;3.2;7;4.1
176;-31.727;-70.088;144.1;3.9;6.3;6.55
177;-33.589;-70.438;95.9;3.4;3.6;4
178;-32.715;-71.185;59.6;2.8;7;4.8
179;-33.143;-70.246;6.6;3.3;3.6;3.15
180;-34.401;-70.545;116.3;3.5;5.2;6.15
181;-33.251;-70.28;114;3;3.9;4.2
182;-36.397;-71.212;2.4;4.4;4.9;4.6
183;-31.502;-69.634;156;3.3;24.1;16.7
184;-32.946;-70.339;108.4;4.4;5;4.45
185;-31.44;-69.488;176.6;4.8;16.2;9.25
186;-36.364;-71.194;1.5;3.8;13.6;16.15
187;-32.269;-71.852;4.2;3.8;6.4;4.35
188;-32.137;-71.608;58.5;3.9;14.5;5.4
189;-36.324;-71.28;3.3;3.9;5.5;5.75
190;-34.484;-72.737;16.7;3.7;999.9;8.4
191;-33.236;-70.296;12.5;3.4;4.8;12.35
192;-31.766;-71.286;28.7;3.6;4.1;8.7
193;-33.435;-70.976;68.3;3;5.9;3.6
194;-32.608;-71.717;6.9;3.8;3.9;4.4
195;-34.515;-72.275;34.5;3.2;5.6;7.4
196;-32.37;-71.36;36;3.5;4.2;5.1
197;-32.955;-70.423;109.9;2.7;9.6;12.2
198;-32.456;-72.847;16.4;4;5.8;6.5
199;-33.96;-70.163;112.2;2.8;4;5.8
200;-33.389;-68.67;3;3.8;0;2.9
201;-32.476;-71.45;3.3;3.8;3;3.5
202;-31.645;-71.728;28.7;4;4.9;5.4
203;-33.066;-70.775;77.6;3.2;4.6;3.55
204;-33.087;-71.742;27;3.6;6.4;4.55
205;-35.335;-71.431;95.1;4.1;4.5;5.05
206;-32.457;-71.493;0.8;3.7;4.5;3.6
207;-32.376;-71.76;2.7;3.6;5.6;4.4
208;-39.036;-74.983;38.4;3.2;13.6;6.3
209;-30.765;-71.352;53;4;6.2;8.2
210;-27.545;-69.171;25;4.2;0;4.55
211;-33.634;-72.027;30.6;3.3;8.2;3.05
212;-32.46;-70.417;9.5;3.6;3.7;6.55
213;-33.459;-69.495;2.8;4.1;5.1;5.15
214;-31.863;-71.266;50.1;3.6;6.5;6.45
215;-33.563;-72.429;0;3.8;5.3;6.2
216;-32.393;-71.817;15.4;3.5;4.3;2.3
217;-34.052;-70.356;8.9;3.4;3.4;4.45
218;-32.445;-70.481;9.6;3.9;3.2;3.7
219;-32.456;-70.44;11.6;3.6;2;2.6
220;-33.926;-73.18;16.2;3.7;4;4.2
221;-31.975;-71.492;39.8;3.5;3.1;3.7
222;-33.979;-70.147;5.3;3;2.1;2.85
223;-33.195;-70.511;94.2;2.8;6.5;5.95
224;-32.846;-70.192;110.3;2.7;4.6;4.75
225;-34.142;-70.042;2.6;4;2.1;2.5
226;-33.229;-69.988;106.2;2.4;9.2;8.9
227;-35.479;-70.686;10.5;3.7;19.5;14.8
228;-34.352;-70.317;6.2;3;4.1;7.65
229;-32.676;-70.401;11.9;3.6;3.3;4.5
230;-32.129;-70.983;71.3;3.1;5.8;4.15
231;-32.979;-70.91;73;2.8;3.5;3.1
232;-33.344;-70.163;119.2;2.4;5.6;6.6
233;-34.136;-71.015;70.5;2.9;2.3;1.45
234;-33.101;-72.098;15;3.6;2.8;3.1
235;-36.143;-71.446;9.3;3.9;5;4.25
236;-33.773;-71.409;1.3;3.5;2.6;1.75
237;-31.529;-71.56;69.3;3.7;7.3;5.4
238;-32.662;-71.589;6.2;3.4;2.6;3.8
239;-31.85;-71.911;28.7;3.8;2.8;2.7
240;-31.642;-70.073;138.6;3.4;5.8;4.95
241;-32.885;-71.76;38.7;3.6;2.7;3.9
242;-31.453;-69.456;140.5;3.8;15.9;7.85
243;-31.197;-69.19;184.8;3.8;9.6;5.65
244;-33.513;-70.715;77.8;2.2;3.6;2.5